{
  "hash": "d652460f",
  "configHash": "36b09a6a",
  "lockfileHash": "b76c0769",
  "browserHash": "ed72e172",
  "optimized": {
    "@angular/common": {
      "src": "../../../../../node_modules/@angular/common/fesm2022/common.mjs",
      "file": "@angular_common.js",
      "fileHash": "cc2e66a3",
      "needsInterop": false
    },
    "@angular/common/http": {
      "src": "../../../../../node_modules/@angular/common/fesm2022/http.mjs",
      "file": "@angular_common_http.js",
      "fileHash": "da25ad08",
      "needsInterop": false
    },
    "@angular/core": {
      "src": "../../../../../node_modules/@angular/core/fesm2022/core.mjs",
      "file": "@angular_core.js",
      "fileHash": "e76f3c99",
      "needsInterop": false
    },
    "@angular/forms": {
      "src": "../../../../../node_modules/@angular/forms/fesm2022/forms.mjs",
      "file": "@angular_forms.js",
      "fileHash": "5bf3737c",
      "needsInterop": false
    },
    "@angular/platform-browser": {
      "src": "../../../../../node_modules/@angular/platform-browser/fesm2022/platform-browser.mjs",
      "file": "@angular_platform-browser.js",
      "fileHash": "2f142713",
      "needsInterop": false
    },
    "@angular/router": {
      "src": "../../../../../node_modules/@angular/router/fesm2022/router.mjs",
      "file": "@angular_router.js",
      "fileHash": "b8e68fdb",
      "needsInterop": false
    }
  },
  "chunks": {
    "chunk-WKN4LDDL": {
      "file": "chunk-WKN4LDDL.js"
    },
    "chunk-ASOBLGOV": {
      "file": "chunk-ASOBLGOV.js"
    },
    "chunk-QT7HCO3S": {
      "file": "chunk-QT7HCO3S.js"
    },
    "chunk-LYVJBHJR": {
      "file": "chunk-LYVJBHJR.js"
    }
  }
}