{
  "hash": "d558d551",
  "configHash": "91349bd6",
  "lockfileHash": "b76c0769",
  "browserHash": "ee434933",
  "optimized": {
    "@angular/common": {
      "src": "../../../../../node_modules/@angular/common/fesm2022/common.mjs",
      "file": "@angular_common.js",
      "fileHash": "27f10727",
      "needsInterop": false
    },
    "@angular/common/http": {
      "src": "../../../../../node_modules/@angular/common/fesm2022/http.mjs",
      "file": "@angular_common_http.js",
      "fileHash": "8906d6bb",
      "needsInterop": false
    },
    "@angular/core": {
      "src": "../../../../../node_modules/@angular/core/fesm2022/core.mjs",
      "file": "@angular_core.js",
      "fileHash": "ac64b7aa",
      "needsInterop": false
    },
    "@angular/forms": {
      "src": "../../../../../node_modules/@angular/forms/fesm2022/forms.mjs",
      "file": "@angular_forms.js",
      "fileHash": "8d91fd6f",
      "needsInterop": false
    },
    "@angular/platform-browser": {
      "src": "../../../../../node_modules/@angular/platform-browser/fesm2022/platform-browser.mjs",
      "file": "@angular_platform-browser.js",
      "fileHash": "9d03c1fc",
      "needsInterop": false
    },
    "@angular/platform-server": {
      "src": "../../../../../node_modules/@angular/platform-server/fesm2022/platform-server.mjs",
      "file": "@angular_platform-server.js",
      "fileHash": "b229e2b6",
      "needsInterop": false
    },
    "@angular/router": {
      "src": "../../../../../node_modules/@angular/router/fesm2022/router.mjs",
      "file": "@angular_router.js",
      "fileHash": "8649d798",
      "needsInterop": false
    },
    "tslib": {
      "src": "../../../../../node_modules/tslib/tslib.es6.mjs",
      "file": "tslib.js",
      "fileHash": "ac836f2f",
      "needsInterop": false
    }
  },
  "chunks": {
    "xhr2-JDAPKF6S": {
      "file": "xhr2-JDAPKF6S.js"
    },
    "chunk-OAWEFC5Y": {
      "file": "chunk-OAWEFC5Y.js"
    },
    "chunk-OIOAX3RD": {
      "file": "chunk-OIOAX3RD.js"
    },
    "chunk-64RZX3U4": {
      "file": "chunk-64RZX3U4.js"
    },
    "chunk-MVH4IRTM": {
      "file": "chunk-MVH4IRTM.js"
    },
    "chunk-NQ4HTGF6": {
      "file": "chunk-NQ4HTGF6.js"
    }
  }
}